{
    "AS_Image_d320d00c85004d1bb1e06a8e56d810f0": {
        "id": "AS_Image_d320d00c85004d1bb1e06a8e56d810f0",
        "type": "ACTION_SEQUENCE",
        "params": [{
            "datatype": "collection",
            "name": "eventobject"
        }, {
            "datatype": "string",
            "name": "x"
        }, {
            "datatype": "string",
            "name": "y"
        }],
        "contextObj": {
            "name": "uwa4111ee47c4a412db70eb51f1d6127ad",
            "type": "userwidgets",
            "KUID": "a4111ee47c4a412db70eb51f1d6127ad"
        },
        "language": "js",
        "actions": [{
            "id": "ADD_SNIPPET__ia543dadf0d9423c818dfb6dbaf3fd4c",
            "type": "ADD_SNIPPET",
            "codeSnippet": "this.closeWhenDone();",
            "parentId": null,
            "callbackType": null
        }]
    }
}