{
  "android": {
    "font_size": 50,
    "isForked": false
  },
  "background_color": "ff00ffff",
  "bg_type": "one",
  "border_color": "42424200",
  "border_radius": 100,
  "border_style": "custom",
  "border_type": 0,
  "border_width": 1,
  "desktopweb": {
    "font_size": 50,
    "isForked": false
  },
  "fontSizeInPx": false,
  "font_color": "1e00ffff",
  "font_name": "Helvetica",
  "font_size": 50,
  "font_style": "normal",
  "font_weight": "normal",
  "ipad": {
    "font_size": 50,
    "isForked": false
  },
  "iphone": {
    "font_size": 50,
    "isForked": false
  },
  "isDefaultSkin": false,
  "kiosk": {
    "font_size": 50,
    "isForked": false
  },
  "kuid": "s24b9718db624155985cdc8b2b8c592d",
  "spaan": {
    "font_size": 50,
    "isForked": false
  },
  "spaandroidtablet": {
    "font_size": 50,
    "isForked": false
  },
  "spabb": {
    "font_size": 50,
    "isForked": false
  },
  "spaip": {
    "font_size": 50,
    "isForked": false
  },
  "spaipad": {
    "font_size": 50,
    "isForked": false
  },
  "spawindowstablet": {
    "font_size": 50,
    "isForked": false
  },
  "spawinphone8": {
    "font_size": 50,
    "isForked": false
  },
  "tabrcandroid": {
    "font_size": 50,
    "isForked": false
  },
  "wType": "Label",
  "watchos": {
    "font_size": 50,
    "isForked": false
  },
  "windows8": {
    "font_size": 50,
    "isForked": false
  },
  "winphone8": {
    "font_size": 50,
    "isForked": false
  }
}