{
  "android": {
    "font_name": "sf-san-francisco-ui-regular",
    "font_size": 92,
    "isForked": false
  },
  "background_color": "00000000",
  "bg_type": "one",
  "border_color": "424242ff",
  "border_style": "plain",
  "border_type": 0,
  "border_width": 0,
  "desktopweb": {
    "font_name": "Helvetica",
    "font_size": 92,
    "isForked": false
  },
  "fontSizeInPx": false,
  "font_color": "4242427f",
  "font_name": "Helvetica",
  "font_size": 92,
  "font_style": "normal",
  "font_weight": "normal",
  "ipad": {
    "font_name": "Helvetica",
    "font_size": 92,
    "isForked": false
  },
  "iphone": {
    "font_name": "sf-san-francisco-ui-regular",
    "font_size": 92,
    "isForked": false
  },
  "isDefaultSkin": false,
  "kiosk": {
    "font_name": "FontAwesome",
    "font_size": 92,
    "isForked": false
  },
  "kuid": "s0929fe8075541f8a79ca0ef6008e00f",
  "spaan": {
    "font_name": "Helvetica",
    "font_size": 92,
    "isForked": false
  },
  "spaandroidtablet": {
    "font_name": "Helvetica",
    "font_size": 92,
    "isForked": false
  },
  "spabb": {
    "font_name": "Helvetica",
    "font_size": 92,
    "isForked": false
  },
  "spaip": {
    "font_name": "Helvetica",
    "font_size": 92,
    "isForked": false
  },
  "spaipad": {
    "font_name": "Helvetica",
    "font_size": 92,
    "isForked": false
  },
  "spawindowstablet": {
    "font_name": "Helvetica",
    "font_size": 92,
    "isForked": false
  },
  "spawinphone8": {
    "font_name": "Helvetica",
    "font_size": 92,
    "isForked": false
  },
  "tabrcandroid": {
    "font_name": "Helvetica",
    "font_size": 92,
    "isForked": false
  },
  "wType": "Label",
  "watchos": {
    "font_name": "Helvetica",
    "font_size": 92,
    "isForked": false
  },
  "windows8": {
    "font_name": "FontAwesome",
    "font_size": 92,
    "isForked": false
  },
  "winphone8": {
    "font_name": "FontAwesome",
    "font_size": 92,
    "isForked": false
  }
}