{
    "android": {
        "background_color": "4b88f1ff",
        "bg_type": "one",
        "border_color": "00000000",
        "border_type": 0,
        "isForked": true
    },
    "background_color": "00000000",
    "bg_type": "one",
    "border_color": "00000000",
    "border_radius": 50,
    "border_style": "custom",
    "border_type": 0,
    "border_width": 1,
    "desktopweb": {
        "background_color": "4b88f1ff",
        "bg_type": "one",
        "border_type": 0,
        "bottom_left_border_color": "4b88f100",
        "bottom_left_border_radius": "30",
        "bottom_left_border_style": "rc",
        "bottom_left_border_width": 1,
        "bottom_right_border_color": "4b88f100",
        "bottom_right_border_radius": "30",
        "bottom_right_border_style": "rc",
        "bottom_right_border_width": 1,
        "isForked": true,
        "shadow": {
            "br": 3,
            "color": "000000",
            "inner": false,
            "nm": 0,
            "x": 3,
            "y": 3
        },
        "top_left_border_color": "4b88f100",
        "top_left_border_radius": "30",
        "top_left_border_style": "rc",
        "top_left_border_width": 1,
        "top_right_border_color": "4b88f100",
        "top_right_border_radius": "30",
        "top_right_border_style": "rc",
        "top_right_border_width": 1
    },
    "ipad": {
        "background_color": "4b88f1ff",
        "bg_type": "one",
        "border_color": "00000000",
        "border_type": 0,
        "isForked": true,
        "shadow": {
            "br": 3,
            "color": "000000",
            "inner": false,
            "nm": 0,
            "x": 3,
            "y": 3
        }
    },
    "iphone": {
        "background_color": "4b88f1ff",
        "bg_type": "one",
        "border_color": "00000000",
        "border_type": 0,
        "isForked": true,
        "shadow": {
            "br": 3,
            "color": "000000",
            "inner": false,
            "nm": 0,
            "x": 3,
            "y": 3
        }
    },
    "isDefaultSkin": false,
    "kiosk": {
        "background_color": "4b88f1ff",
        "bg_type": "one",
        "border_color": "00000000",
        "border_type": 0,
        "isForked": true
    },
    "kuid": "s0d7a23921a84225bc14500c3127a757",
    "spaan": {
        "background_color": "4b88f1ff",
        "bg_type": "one",
        "border_type": 0,
        "bottom_left_border_color": "4b88f100",
        "bottom_left_border_radius": "30",
        "bottom_left_border_style": "rc",
        "bottom_left_border_width": 1,
        "bottom_right_border_color": "4b88f100",
        "bottom_right_border_radius": "30",
        "bottom_right_border_style": "rc",
        "bottom_right_border_width": 1,
        "isForked": true,
        "shadow": {
            "br": 3,
            "color": "000000",
            "inner": false,
            "nm": 0,
            "x": 3,
            "y": 3
        },
        "top_left_border_color": "4b88f100",
        "top_left_border_radius": "30",
        "top_left_border_style": "rc",
        "top_left_border_width": 1,
        "top_right_border_color": "4b88f100",
        "top_right_border_radius": "30",
        "top_right_border_style": "rc",
        "top_right_border_width": 1
    },
    "spaandroidtablet": {
        "background_color": "4b88f1ff",
        "bg_type": "one",
        "border_type": 0,
        "bottom_left_border_color": "4b88f100",
        "bottom_left_border_radius": "30",
        "bottom_left_border_style": "rc",
        "bottom_left_border_width": 1,
        "bottom_right_border_color": "4b88f100",
        "bottom_right_border_radius": "30",
        "bottom_right_border_style": "rc",
        "bottom_right_border_width": 1,
        "isForked": true,
        "shadow": {
            "br": 3,
            "color": "000000",
            "inner": false,
            "nm": 0,
            "x": 3,
            "y": 3
        },
        "top_left_border_color": "4b88f100",
        "top_left_border_radius": "30",
        "top_left_border_style": "rc",
        "top_left_border_width": 1,
        "top_right_border_color": "4b88f100",
        "top_right_border_radius": "30",
        "top_right_border_style": "rc",
        "top_right_border_width": 1
    },
    "spabb": {
        "background_color": "4b88f1ff",
        "bg_type": "one",
        "border_type": 0,
        "bottom_left_border_color": "4b88f100",
        "bottom_left_border_radius": "30",
        "bottom_left_border_style": "rc",
        "bottom_left_border_width": 1,
        "bottom_right_border_color": "4b88f100",
        "bottom_right_border_radius": "30",
        "bottom_right_border_style": "rc",
        "bottom_right_border_width": 1,
        "isForked": true,
        "shadow": {
            "br": 3,
            "color": "000000",
            "inner": false,
            "nm": 0,
            "x": 3,
            "y": 3
        },
        "top_left_border_color": "4b88f100",
        "top_left_border_radius": "30",
        "top_left_border_style": "rc",
        "top_left_border_width": 1,
        "top_right_border_color": "4b88f100",
        "top_right_border_radius": "30",
        "top_right_border_style": "rc",
        "top_right_border_width": 1
    },
    "spaip": {
        "background_color": "4b88f1ff",
        "bg_type": "one",
        "border_type": 0,
        "bottom_left_border_color": "4b88f100",
        "bottom_left_border_radius": "30",
        "bottom_left_border_style": "rc",
        "bottom_left_border_width": 1,
        "bottom_right_border_color": "4b88f100",
        "bottom_right_border_radius": "30",
        "bottom_right_border_style": "rc",
        "bottom_right_border_width": 1,
        "isForked": true,
        "shadow": {
            "br": 3,
            "color": "000000",
            "inner": false,
            "nm": 0,
            "x": 3,
            "y": 3
        },
        "top_left_border_color": "4b88f100",
        "top_left_border_radius": "30",
        "top_left_border_style": "rc",
        "top_left_border_width": 1,
        "top_right_border_color": "4b88f100",
        "top_right_border_radius": "30",
        "top_right_border_style": "rc",
        "top_right_border_width": 1
    },
    "spaipad": {
        "background_color": "4b88f1ff",
        "bg_type": "one",
        "border_type": 0,
        "bottom_left_border_color": "4b88f100",
        "bottom_left_border_radius": "30",
        "bottom_left_border_style": "rc",
        "bottom_left_border_width": 1,
        "bottom_right_border_color": "4b88f100",
        "bottom_right_border_radius": "30",
        "bottom_right_border_style": "rc",
        "bottom_right_border_width": 1,
        "isForked": true,
        "shadow": {
            "br": 3,
            "color": "000000",
            "inner": false,
            "nm": 0,
            "x": 3,
            "y": 3
        },
        "top_left_border_color": "4b88f100",
        "top_left_border_radius": "30",
        "top_left_border_style": "rc",
        "top_left_border_width": 1,
        "top_right_border_color": "4b88f100",
        "top_right_border_radius": "30",
        "top_right_border_style": "rc",
        "top_right_border_width": 1
    },
    "spawindowstablet": {
        "background_color": "4b88f1ff",
        "bg_type": "one",
        "border_type": 0,
        "bottom_left_border_color": "4b88f100",
        "bottom_left_border_radius": "30",
        "bottom_left_border_style": "rc",
        "bottom_left_border_width": 1,
        "bottom_right_border_color": "4b88f100",
        "bottom_right_border_radius": "30",
        "bottom_right_border_style": "rc",
        "bottom_right_border_width": 1,
        "isForked": true,
        "shadow": {
            "br": 3,
            "color": "000000",
            "inner": false,
            "nm": 0,
            "x": 3,
            "y": 3
        },
        "top_left_border_color": "4b88f100",
        "top_left_border_radius": "30",
        "top_left_border_style": "rc",
        "top_left_border_width": 1,
        "top_right_border_color": "4b88f100",
        "top_right_border_radius": "30",
        "top_right_border_style": "rc",
        "top_right_border_width": 1
    },
    "spawinphone8": {
        "background_color": "4b88f1ff",
        "bg_type": "one",
        "border_type": 0,
        "bottom_left_border_color": "4b88f100",
        "bottom_left_border_radius": "30",
        "bottom_left_border_style": "rc",
        "bottom_left_border_width": 1,
        "bottom_right_border_color": "4b88f100",
        "bottom_right_border_radius": "30",
        "bottom_right_border_style": "rc",
        "bottom_right_border_width": 1,
        "isForked": true,
        "shadow": {
            "br": 3,
            "color": "000000",
            "inner": false,
            "nm": 0,
            "x": 3,
            "y": 3
        },
        "top_left_border_color": "4b88f100",
        "top_left_border_radius": "30",
        "top_left_border_style": "rc",
        "top_left_border_width": 1,
        "top_right_border_color": "4b88f100",
        "top_right_border_radius": "30",
        "top_right_border_style": "rc",
        "top_right_border_width": 1
    },
    "tabrcandroid": {
        "background_color": "4b88f1ff",
        "bg_type": "one",
        "border_color": "00000000",
        "border_type": 0,
        "isForked": true
    },
    "wType": "FlexContainer",
    "windows8": {
        "background_color": "4b88f1ff",
        "bg_type": "one",
        "border_color": "00000000",
        "border_type": 0,
        "isForked": true
    },
    "winphone8": {
        "background_color": "4b88f1ff",
        "bg_type": "one",
        "border_color": "00000000",
        "border_type": 0,
        "isForked": true
    }
}