{
    "AS_AppEvents_be321f0d17f149e29b3df2a8d032e4f5": {
        "id": "AS_AppEvents_be321f0d17f149e29b3df2a8d032e4f5",
        "type": "ACTION_SEQUENCE",
        "params": [{
            "datatype": "collection",
            "name": "eventobject"
        }],
        "language": "js",
        "actions": [{
            "id": "ADD_SNIPPET__e353a42e811c4c1c99fb855c82e42f69",
            "type": "ADD_SNIPPET",
            "codeSnippet": "debugger;\nvar isFreshLaunch=kony.store.getItem(\"isFirstTime\");\nkony.store.setItem(\"isFirstLaunch\",true);\n/*if(isFreshLaunch!== undefined && isFreshLaunch== null && isFreshLaunch== \"false\"){\n\n    return \"frmNewsAndWeather\";\n}else{\n  return \"frmSplash\";*/\n\n  if(isFreshLaunch===undefined||isFreshLaunch==null){\n    //fresh launch\n    kony.store.setItem(\"isFirstTime\",false);\n    return \"frmSplash\";\n  }else{\n    //second launch\n    return \"frmNewsAndWeather\";\n  }",
            "parentId": null,
            "callbackType": null,
            "disabled": false
        }]
    }
}