{
    "AS_Form_gfcfbfc2aaa143c792e79241bc0e0dd2": {
        "id": "AS_Form_gfcfbfc2aaa143c792e79241bc0e0dd2",
        "type": "ACTION_SEQUENCE",
        "params": [{
            "datatype": "collection",
            "name": "eventobject"
        }],
        "contextObj": {
            "name": "frmNewsAndWeather",
            "type": "forms",
            "platform": "",
            "KUID": "b7e61c0deb3a4169a987b8d1a8590c54"
        },
        "language": "js",
        "actions": [{
            "id": "ADD_SNIPPET__ab7f87d0492c49b3aef3de24bcb0144b",
            "type": "ADD_SNIPPET",
            "codeSnippet": "",
            "parentId": null,
            "callbackType": null
        }]
    }
}