{
    "AS_FlexContainer_d222fa7a8ea64e0b91a56cd5fdbf32d6": {
        "id": "AS_FlexContainer_d222fa7a8ea64e0b91a56cd5fdbf32d6",
        "type": "ACTION_SEQUENCE",
        "params": [{
            "datatype": "collection",
            "name": "eventobject"
        }],
        "language": "js",
        "actions": [{
            "id": "ADD_SNIPPET_ide_onClick_e3a9289977464ff3a322def8fe1fdb8b",
            "type": "ADD_SNIPPET",
            "codeSnippet": "this.setSelection(eventobject.id);\n"
        }]
    }
}