{
    "AS_FlexContainer_e05d9762e1af4afeac6aa92fc97842a6": {
        "id": "AS_FlexContainer_e05d9762e1af4afeac6aa92fc97842a6",
        "type": "ACTION_SEQUENCE",
        "params": [{
            "datatype": "collection",
            "name": "eventobject"
        }],
        "language": "js",
        "actions": [{
            "id": "ADD_SNIPPET_ide_onClick_c5e1e42d5c0a4095b9020b7616c57325",
            "type": "ADD_SNIPPET",
            "codeSnippet": "this.setSelection(eventobject.id);\n",
            "callbackType": null
        }]
    }
}