{
    "AS_UWI_c142c3c0a29d46cca4705a4172b01361": {
        "id": "AS_UWI_c142c3c0a29d46cca4705a4172b01361",
        "type": "ACTION_SEQUENCE",
        "params": [{
            "datatype": "collection",
            "name": "eventobject"
        }],
        "contextObj": {
            "name": "frmNewsAndWeather",
            "type": "forms",
            "platform": "",
            "KUID": "b7e61c0deb3a4169a987b8d1a8590c54"
        },
        "language": "js",
        "actions": [{
            "id": "ADD_SNIPPET__id04d6e55c2341279d4fa8d1c66e115d",
            "type": "ADD_SNIPPET",
            "codeSnippet": "this.flxCoverOnClick();\nkony.store.removeItem(\"isFirstTime\");\n",
            "parentId": null,
            "callbackType": null
        }, {
            "id": "NAVIGATE_TO_FORM___f68880fbfb62473180e48f617e0ff220",
            "type": "NAVIGATE_TO_FORM",
            "formId": "frmSplash",
            "formKUID": "f93855e1d3b047d085031fae86b2f695",
            "mappings": {},
            "mappingsOrder": [],
            "parentId": null,
            "callbackType": null,
            "enableMappingEditor": true,
            "package": ""
        }]
    }
}