{"ZLocalNewsNWeather":{"getLocalNewsWeather":{"servicename":"ZLocalNewsNWeather","serviceid":"176fc7ac-ffee-466a-8491-a9c88a7f26ec","type":"orchestration","operationname":"getLocalNewsWeather","operationid":"2415480"}},"ZCityWeather":{"getWeather":{"servicename":"ZCityWeather","serviceid":"3d237b54-3bc7-4491-b9fb-3d3b4092b022","type":"integration","operationname":"getWeather","operationid":"2415473"}},"ZLocalNews":{"getNews":{"servicename":"ZLocalNews","serviceid":"5a73d148-7c6f-40d1-8ea6-40c83b4d2168","type":"integration","operationname":"getNews","operationid":"2415475"}},"News":{"GetNewsForCategory":{"servicename":"News","serviceid":"452a9254-a427-40c8-b529-c6cd3a8d3183","type":"integration","operationname":"GetNewsForCategory","operationid":"2415470"},"LocalNews":{"servicename":"News","serviceid":"452a9254-a427-40c8-b529-c6cd3a8d3183","type":"integration","operationname":"LocalNews","operationid":"2415471"}},"ZNewsForCategory":{"getNewsForCategory":{"servicename":"ZNewsForCategory","serviceid":"8ea5b5e1-ac53-4ae2-9257-255bc0487ffd","type":"integration","operationname":"getNewsForCategory","operationid":"2415477"}},"ZWeatherForeCast":{"getForecast":{"servicename":"ZWeatherForeCast","serviceid":"5642d32c-ee36-4d49-a33b-fa217aae96f2","type":"integration","operationname":"getForecast","operationid":"2415479"}}}