{"ZLocalNewsNWeather":{"getLocalNewsNWeather":{"servicename":"ZLocalNewsNWeather","serviceid":"202aa5b5-cb9e-4bff-8d6c-95decf822385","type":"orchestration","operationname":"getLocalNewsNWeather","operationid":"2439"}},"News":{"GetNewsForCategory":{"servicename":"News","serviceid":"2f252491-0ded-4974-be2b-de4727bb39fc","type":"integration","operationname":"GetNewsForCategory","operationid":"1774"},"LocalNews":{"servicename":"News","serviceid":"2f252491-0ded-4974-be2b-de4727bb39fc","type":"integration","operationname":"LocalNews","operationid":"2586"}},"ZCityWeather":{"getWeather":{"servicename":"ZCityWeather","serviceid":"b24704c0-a150-4ea9-b590-1d92644a453d","type":"integration","operationname":"getWeather","operationid":"2446"}},"ZLocalNews":{"getNews":{"servicename":"ZLocalNews","serviceid":"0adf30f3-36f9-4f45-b5f2-8c13af85c7b8","type":"integration","operationname":"getNews","operationid":"2443"}},"ZNewsForCategory":{"getNewsForCategory":{"servicename":"ZNewsForCategory","serviceid":"10c7afa4-6a2d-4e53-acb4-97e8a076f262","type":"integration","operationname":"getNewsForCategory","operationid":"2453"}},"ZWeatherForeCast":{"getForecast":{"servicename":"ZWeatherForeCast","serviceid":"7cbac4f3-e765-45b1-8747-df4ed8bb722a","type":"integration","operationname":"getForecast","operationid":"2449"}}}