{
    "NativeFunctionAPI": {
        "iOS": {
            "10.0": {
                "Foundation-iOS-10.0": {
                    "title": "Foundation",
                    "platform": "iOS",
                    "os": "10.0",
                    "url": "D:\\v8GASpace\\.imports\\.temp\\import1313516181\\nativebindings\\iOS\\10.0\\Foundation-iOS-10.0.zip",
                    "filepath": "D:\\v8GASpace\\NewAndWeather\\nativebindings\\iOS\\10.0\\Foundation-iOS-10.0.zip",
                    "enable": false
                },
                "UIKit-iOS-10.0": {
                    "title": "UIKit",
                    "platform": "iOS",
                    "os": "10.0",
                    "url": "D:\\v8GASpace\\.imports\\.temp\\import1313516181\\nativebindings\\iOS\\10.0\\UIKit-iOS-10.0.zip",
                    "filepath": "D:\\v8GASpace\\NewAndWeather\\nativebindings\\iOS\\10.0\\UIKit-iOS-10.0.zip",
                    "enable": false
                }
            },
            "11.0": {
                "Kony_SyncV2-iOS-11.0": {
                    "title": "Kony_SyncV2",
                    "platform": "iOS",
                    "os": "11.0",
                    "url": "D:\\KonyVisualizerEnterprise8\\Kony_Visualizer_Enterprise\\configuration\\org.eclipse.osgi\\bundles\\485\\1\\.cp\\resources\\sdk\\nativeBindings\\Kony_SyncV2-iOS-11.0.zip",
                    "filepath": "D:\\kony\\WorkSpace\\80\\zead\\NewsAndWeather\\nativebindings\\iOS\\11.0\\Kony_SyncV2-iOS-11.0.zip",
                    "enable": true
                }
            }
        },
        "Android": {
            "4.0": {
                "Kony_SyncV2-Android-4.0": {
                    "title": "Kony_SyncV2",
                    "platform": "Android",
                    "os": "4.0",
                    "url": "G:\\kony\\environment\\V8GA\\Kony_Visualizer_Enterprise\\configuration\\org.eclipse.osgi\\bundles\\459\\1\\.cp\\resources\\sdk\\nativeBindings\\Kony_SyncV2-Android-4.0.zip",
                    "filepath": "D:\\kony\\WorkSpace\\80\\zead\\NewsAndWeather\\nativebindings\\Android\\4.0\\Kony_SyncV2-Android-4.0.zip",
                    "enable": true
                },
                "android.accounts-Android-4.0": {
                    "title": "android.accounts",
                    "platform": "Android",
                    "os": "4.0",
                    "url": "D:\\v8GASpace\\.imports\\.temp\\import1313516181\\nativebindings\\Android\\4.0\\android.accounts-Android-4.0.zip",
                    "filepath": "D:\\v8GASpace\\NewAndWeather\\nativebindings\\Android\\4.0\\android.accounts-Android-4.0.zip",
                    "enable": true
                },
                "android.webkit-Android-4.0": {
                    "title": "android.webkit",
                    "platform": "Android",
                    "os": "4.0",
                    "url": "D:\\v8GASpace\\.imports\\.temp\\import1313516181\\nativebindings\\Android\\4.0\\android.webkit-Android-4.0.zip",
                    "filepath": "D:\\v8GASpace\\NewAndWeather\\nativebindings\\Android\\4.0\\android.webkit-Android-4.0.zip",
                    "enable": true
                },
                "android.net-Android-4.0": {
                    "title": "android.net",
                    "platform": "Android",
                    "os": "4.0",
                    "url": "D:\\v8GASpace\\.imports\\.temp\\import1313516181\\nativebindings\\Android\\4.0\\android.net-Android-4.0.zip",
                    "filepath": "D:\\v8GASpace\\NewAndWeather\\nativebindings\\Android\\4.0\\android.net-Android-4.0.zip",
                    "enable": true
                },
                "android.content-Android-4.0": {
                    "title": "android.content",
                    "platform": "Android",
                    "os": "4.0",
                    "url": "D:\\v8GASpace\\.imports\\.temp\\import1313516181\\nativebindings\\Android\\4.0\\android.content-Android-4.0.zip",
                    "filepath": "D:\\v8GASpace\\NewAndWeather\\nativebindings\\Android\\4.0\\android.content-Android-4.0.zip",
                    "enable": true
                },
                "java.lang-Android-4.0": {
                    "title": "java.lang",
                    "platform": "Android",
                    "os": "4.0",
                    "url": "D:\\v8GASpace\\.imports\\.temp\\import1313516181\\nativebindings\\Android\\4.0\\java.lang-Android-4.0.zip",
                    "filepath": "D:\\v8GASpace\\NewAndWeather\\nativebindings\\Android\\4.0\\java.lang-Android-4.0.zip",
                    "enable": true
                },
                "android.os-Android-4.0": {
                    "title": "android.os",
                    "platform": "Android",
                    "os": "4.0",
                    "url": "D:\\v8GASpace\\.imports\\.temp\\import1313516181\\nativebindings\\Android\\4.0\\android.os-Android-4.0.zip",
                    "filepath": "D:\\v8GASpace\\NewAndWeather\\nativebindings\\Android\\4.0\\android.os-Android-4.0.zip",
                    "enable": true
                }
            }
        }
    }
}