{
    "mwaddrkey": "",
    "wap_android360_fontsize": "12",
    "isA11yConfigEnabled": false,
    "watchos_notificationcentericon_42": "",
    "wap_android440_fontsize": "12",
    "defaultlocalekey": "en_US",
    "apppackagekey": "",
    "nativeContainerProperties": {
        "isModified": false,
        "isEnableJSContainer": true,
        "isEnableJSContainerAndroid": true,
        "isEnableJSContaineriOS": false
    },
    "wap_android400_fontsize": "12",
    "wap_spaandroidtabhdpi_fontsize": "12",
    "watchos_homeScreen40": "",
    "cordovaVersionInfo": {
        "useGlobalCordova": false
    },
    "appversionkey": "1.0.0",
    "project.type": "js",
    "startupformkey": "f93855e1d3b047d085031fae86b2f695",
    "wap_bb480_fontsize": "12",
    "wap_winphone480_fontsize": "12",
    "enableCustomData": false,
    "wap_android640_fontsize": "12",
    "vendornamekey": "KonyLabs",
    "wap_android320_fontsize": "12",
    "createdgaversion": "8.0.0",
    "watchos_notificationcentericon_38": "",
    "isMVC": true,
    "watchos_shortlooknotificationicon_42": "",
    "enableactionbar": false,
    "desktopstartupformkey": "",
    "wap_android480_fontsize": "12",
    "mastersProperties": {
        "mastersVersion": "2.0.0"
    },
    "wap_winphone320_fontsize": "12",
    "watchos_longlooknotificationicon_42": "",
    "watchos_companionSettings3x29": "",
    "appmenu": {
        "tablet": {
            "data": [
                {
                    "windows8": {
                        "appBarButtonStyle": "No Style",
                        "position": "BOTTOM_LEFT"
                    },
                    "android": {
                        "showAsFlag": 0
                    },
                    "kuid": "e65c85911d8b4ee2b99f3ee2237eba32",
                    "icon": {
                        "default": "option1.png"
                    },
                    "id": "appmenuitemid1",
                    "title": "Item 1"
                },
                {
                    "windows8": {
                        "appBarButtonStyle": "No Style",
                        "position": "BOTTOM_LEFT"
                    },
                    "android": {
                        "showAsFlag": 0
                    },
                    "kuid": "f6e899d608b54838b7fb6e0db8332e0c",
                    "icon": {
                        "default": "option2.png"
                    },
                    "id": "appmenuitemid2",
                    "title": "Item 2"
                },
                {
                    "windows8": {
                        "appBarButtonStyle": "No Style",
                        "position": "BOTTOM_LEFT"
                    },
                    "android": {
                        "showAsFlag": 0
                    },
                    "kuid": "e014ec29ff2c445c9863d8cfe73a330f",
                    "icon": {
                        "default": "option3.png"
                    },
                    "id": "appmenuitemid3",
                    "title": "Item 3"
                },
                {
                    "windows8": {
                        "appBarButtonStyle": "No Style",
                        "position": "BOTTOM_LEFT"
                    },
                    "android": {
                        "showAsFlag": 0
                    },
                    "kuid": "f9ded858c73544feb8b70e4fa67e5e06",
                    "icon": {
                        "default": "option4.png"
                    },
                    "id": "appmenuitemid4",
                    "title": "Item 4"
                }
            ]
        },
        "desktop": {
            "data": [
                {
                    "kuid": "f1415239e1be435c9d8db076671888e9",
                    "icon": {
                        "default": "option1.png"
                    },
                    "id": "appmenuitemid1",
                    "title": "Item 1"
                },
                {
                    "kuid": "ibbe0f191eea4360af0a4a5e96744967",
                    "icon": {
                        "default": "option2.png"
                    },
                    "id": "appmenuitemid2",
                    "title": "Item 2"
                },
                {
                    "kuid": "cb76f1b662194e2b80afd5d9a8d2bf77",
                    "icon": {
                        "default": "option3.png"
                    },
                    "id": "appmenuitemid3",
                    "title": "Item 3"
                },
                {
                    "kuid": "ca85f3cc6c2b437880bcee0bdae59240",
                    "icon": {
                        "default": "option4.png"
                    },
                    "id": "appmenuitemid4",
                    "title": "Item 4"
                }
            ]
        },
        "osVersion": "iOS7",
        "focusskin": null,
        "wType": "Appmenu",
        "focusSkin": null,
        "mobile": {
            "data": [
                {
                    "kuid": "d0faea22308f4fbfb6d2c0f7241b0e72",
                    "android": {
                        "showAsFlag": 0
                    },
                    "icon": {
                        "default": "option1.png"
                    },
                    "id": "appmenuitemid1",
                    "title": "Item 1"
                },
                {
                    "kuid": "i2d40f2dc1544c0a8448c468a6b7b9f1",
                    "android": {
                        "showAsFlag": 0
                    },
                    "icon": {
                        "default": "option2.png"
                    },
                    "id": "appmenuitemid2",
                    "title": "Item 2"
                },
                {
                    "kuid": "d510fbe0e20840c6a8a50e4e116ee649",
                    "android": {
                        "showAsFlag": 0
                    },
                    "icon": {
                        "default": "option3.png"
                    },
                    "id": "appmenuitemid3",
                    "title": "Item 3"
                },
                {
                    "kuid": "j2f0e0e2cd9042f6ad0d373981433d64",
                    "android": {
                        "showAsFlag": 0
                    },
                    "icon": {
                        "default": "option4.png"
                    },
                    "id": "appmenuitemid4",
                    "title": "Item 4"
                }
            ]
        },
        "skin": null,
        "osPlatform": ""
    },
    "wap_spaipad_fontsize": "12",
    "mwportkey": "",
    "cordovaModified": false,
    "watchos_watchMarketing1x": "",
    "mwhttpsportkey": "",
    "wap_bb440_fontsize": "12",
    "wap_bb400_fontsize": "12",
    "appidkey": "NewsAndWeather",
    "statusBarHidden": "false",
    "wap_bb360_fontsize": "12",
    "isNewAppWithRespectToAndroidPackageName": "",
    "wap_spawindowstab_fontsize": "12",
    "defaulttheme": "defaultTheme",
    "watchos_companionSettings2x29": "",
    "watchos_shortlooknotificationicon_38": "",
    "appaddrkey": "",
    "appnamekey": "NewsAndWeather",
    "currentgaversion": "8.0.0",
    "wap_bb320_fontsize": "12",
    "enableCordova": false,
    "wap_bb240_fontsize": "12",
    "enableIdForAutomation": false,
    "mfappguid": {
        "944ad2ba-2fd3-42bc-a25a-88723d35827e": "f8e1cad5-4d3a-41f7-aae9-381f7454ffdc",
        "147abad9-e5d0-4108-ab0b-70743455dc49": "6a074535-94ec-4b27-8790-2f93f888e19a",
        "2d05ccf6-4be9-435b-8a28-47677ef523f3": "38c672ea-bd7a-4f15-a18f-40d791f66700",
        "3b767d5a-e7ff-4470-8325-2ebe66b1427f": "b8390f51-cbba-4ba0-bcb9-422ba5cc3e6c",
        "8073157c-9cc8-4394-8441-0817ff77a4a3": "2190ffa2-5a83-432f-b230-0548e0e65671",
        "835ccb99-10d9-49bd-b22c-665affc20a25": "546a9ba1-be9d-4258-a148-d4878c247e1b"
    },
    "desktopwebbasefontsize": "12",
    "wap_android240_fontsize": "12",
    "wap_spaandroidtabldpi_fontsize": "12",
    "wap_spaandroidtabmdpi_fontsize": "12",
    "konyVizVersion": "8.0.0",
    "isDpScaleFactor": true,
    "wap_spaandroidtab_fontsize": "12",
    "referenceWidth": "375",
    "winmobileguidkey": "",
    "APPLICATION_THEME": "default",
    "ide_appEvents": {
        "mobile": {
            "appservice": "AS_AppEvents_be321f0d17f149e29b3df2a8d032e4f5"
        }
    },
    "build": "debug",
    "project_version": "sprint29",
    "wap_ip_fontsize": "12",
    "category": "app",
    "createdVizVersion": "8.0.0",
    "accountCloudGuid": "147abad9-e5d0-4108-ab0b-70743455dc49",
    "projectCloudGuid": "e2c7e30b-e83b-43df-8c63-d903c4eb5cd7",
    "prototype": {
        "createdOn": "2018-01-09T09:45:22.736Z",
        "createdById": "172fcad7-fdca-4af7-ad08-51cf65811930",
        "createdBy": "farzana shaik",
        "shareGuid": "77N8Z",
        "resourceId": "1c1e4370-d9b5-4ea5-b254-114c48c8d766",
        "PublishMode": "public"
    },
    "export.type": "studioviz"
}