{
    "AS_Button_b232517160e2467ba1beeea4daa0fe2e": {
        "id": "AS_Button_b232517160e2467ba1beeea4daa0fe2e",
        "type": "ACTION_SEQUENCE",
        "params": [{
            "datatype": "collection",
            "name": "eventobject"
        }],
        "contextObj": {
            "name": "uwa4111ee47c4a412db70eb51f1d6127ad",
            "type": "userwidgets",
            "KUID": "a4111ee47c4a412db70eb51f1d6127ad"
        },
        "language": "js",
        "actions": [{
            "id": "ADD_SNIPPET__de42b8fd2543455cabda9935ecaba312",
            "type": "ADD_SNIPPET",
            "codeSnippet": "this.openEmail();",
            "parentId": null,
            "callbackType": null
        }]
    }
}