{
    "AS_Button_efde0252d5a14b55a70899b54bef33e1": {
        "id": "AS_Button_efde0252d5a14b55a70899b54bef33e1",
        "type": "ACTION_SEQUENCE",
        "params": [{
            "datatype": "collection",
            "name": "eventobject"
        }],
        "contextObj": {
            "name": "uwu21dfa1888cb4694990cadbd61c5654f",
            "type": "userwidgets",
            "KUID": "u21dfa1888cb4694990cadbd61c5654f"
        },
        "language": "js",
        "actions": [{
            "id": "ADD_SNIPPET__g2c44c52ffa143cc822ae62835579b83",
            "type": "ADD_SNIPPET",
            "codeSnippet": "this.onClickNext();",
            "parentId": null,
            "callbackType": null
        }]
    }
}