{
    "AS_Button_c8eb354761e349a29c1201aab8f1e4ba": {
        "id": "AS_Button_c8eb354761e349a29c1201aab8f1e4ba",
        "type": "ACTION_SEQUENCE",
        "params": [{
            "datatype": "collection",
            "name": "eventobject"
        }],
        "contextObj": {
            "name": "uwu21dfa1888cb4694990cadbd61c5654f",
            "type": "userwidgets",
            "KUID": "u21dfa1888cb4694990cadbd61c5654f"
        },
        "language": "js",
        "actions": [{
            "id": "ADD_SNIPPET__cb0a1d23ec2040c9a1eb65d6186bec87",
            "type": "ADD_SNIPPET",
            "codeSnippet": "this.onClickPrev();",
            "parentId": null,
            "callbackType": null
        }]
    }
}