{
    "AS_Button_d17107f73bbc473fa65aa4844752c6e5": {
        "id": "AS_Button_d17107f73bbc473fa65aa4844752c6e5",
        "type": "ACTION_SEQUENCE",
        "params": [{
            "datatype": "collection",
            "name": "eventobject"
        }],
        "contextObj": {
            "name": "uwu21dfa1888cb4694990cadbd61c5654f",
            "type": "userwidgets",
            "KUID": "u21dfa1888cb4694990cadbd61c5654f"
        },
        "language": "js",
        "actions": [{
            "id": "ADD_SNIPPET__dee0d242faa0410e8b7a908018123108",
            "type": "ADD_SNIPPET",
            "codeSnippet": "this.onGetStarted();",
            "parentId": null,
            "callbackType": null
        }]
    }
}