{
    "AS_FlexContainer_g56f1e816e494b6ea6756d5d9675455a": {
        "id": "AS_FlexContainer_g56f1e816e494b6ea6756d5d9675455a",
        "type": "ACTION_SEQUENCE",
        "params": [{
            "datatype": "collection",
            "name": "eventobject"
        }],
        "contextObj": {
            "name": "uwa4111ee47c4a412db70eb51f1d6127ad",
            "type": "userwidgets",
            "KUID": "a4111ee47c4a412db70eb51f1d6127ad"
        },
        "language": "js",
        "actions": [{
            "id": "ADD_SNIPPET__g6ba67723b6c41ef9923992e7dff592e",
            "type": "ADD_SNIPPET",
            "codeSnippet": "if(this.view.rchtextDoc.isVisible === true)\n  this.onClickDisappear(eventobject);\nelse\n  this.onClickDisplay(eventobject);",
            "parentId": null,
            "callbackType": null
        }]
    }
}