{
    "AS_RichText_b5bf03a5740d4e9aade23203c3a52ba4": {
        "id": "AS_RichText_b5bf03a5740d4e9aade23203c3a52ba4",
        "type": "ACTION_SEQUENCE",
        "params": [{
            "datatype": "collection",
            "name": "eventobject"
        }, {
            "datatype": "string",
            "name": "linktext"
        }, {
            "datatype": "string",
            "name": "attributes"
        }],
        "contextObj": {
            "name": "uwa4111ee47c4a412db70eb51f1d6127ad",
            "type": "userwidgets",
            "KUID": "a4111ee47c4a412db70eb51f1d6127ad"
        },
        "language": "js",
        "actions": [{
            "id": "ADD_SNIPPET__cf62d831ee6841548080a0352da7d93c",
            "type": "ADD_SNIPPET",
            "codeSnippet": "this.onLinkClick()",
            "parentId": null,
            "callbackType": null
        }]
    }
}